name,score,prompt,reason
LVP_000,5,A person's left arm reaches down toward the black plunger in its holder on the hexagonal-tiled floor next to the toilet.,"The video shows a person's arm reaching down to pick up a toilet plunger from its holder, which is a common and physically plausible action. There are no floating parts, no spontaneous object appearances, and the grasp is physically grounded — the hand makes clear contact with the plunger handle and lifts it without penetration or non-contact attachment. The sequence follows natural human motion and context, making it fully consistent with human-level common sense."
LVP_001,5,A hand holding a silver fork moves it from over the black mug and places it into the red cup decorated with a dog pattern.,"The video shows a hand moving a fork from above a black mug to insert it into a red cup with a dog pattern. The motion is smooth and physically plausible, with no floating, penetration, or spontaneous object appearances. The fork is held and manipulated by the hand with clear contact, and the placement into the cup is consistent with human behavior. All interactions are grounded and common-sense compliant."
LVP_002,5,A right hand in a grey sleeve reaches to lift the stainless steel pan lid from the black electric stovetop.,"The video shows a human hand in a grey sleeve reaching for and lifting a stainless steel pan lid from a black electric stovetop. The motion is physically plausible: the hand approaches, grips the lid handle, lifts it, and removes it. There are no floating parts, no spontaneous object appearances, and the grasp is clearly contact-based. The sequence follows common-sense kitchen interaction: lifting a lid to check food. The final frame shows the lid removed and the pan now visible, which is a natural consequence. All frames are consistent with human-level expectations."
LVP_003,5,"A person's left hand reaches to grab the top black, octagonal 'Iron Grip' weight plate from a stack on a yellow Hammer Strength machine.","The sequence shows a human hand approaching, touching, and grasping a heavy weight plate in a realistic, step-by-step manner. There are no floating objects, no spontaneous appearances, and the hand makes clear physical contact with the plate before lifting. The motion follows natural human biomechanics for handling weights. All frames are physically consistent with each other and with common-sense expectations for gym activities."
LVP_004,5,"A person's left hand, wearing a grey sweatshirt, turns the large silver control knob on the front of a grey LG washing machine.","The video shows a human hand interacting with a washing machine control knob in a way that is physically plausible and consistent with common human behavior. The hand is properly grounded, making contact with the knob, and the motion is smooth and natural. There are no floating objects, no spontaneous appearances, and no false grasps. The interaction is realistic and aligns with everyday household tasks."
LVP_005,5,A hand moves the pink mouse on the white desk closer to the foreground.,"The video shows a hand moving a pink mouse across a desk, which is a plausible and common human interaction. There are no physical grounding violations (the hand and mouse remain on the desk surface), no spontaneous object appearances, and the interaction is physically consistent with a human hand grasping and moving the mouse. The motion is smooth and follows natural human behavior, making it fully consistent with common-sense expectations."
LVP_006,5,"A hand reaches into a grey, felt-lined nook and pulls a three-legged wooden stool out from the corner.","The video shows a hand reaching into a nook and pulling a three-legged wooden stool out from a corner. The motion is physically plausible: the hand makes contact with the stool, applies force to pull it out, and the stool moves smoothly without floating or penetrating other objects. There are no spontaneous appearances, and the grasp is clear and contact-based. The sequence aligns with common-sense human interaction with furniture."
LVP_007,4,A right hand reaches to grab the wooden chair with a cross-back design on the red brick patio.,"The video shows a human hand reaching toward a wooden chair on a patio. The hand's motion is natural and consistent across frames, with no floating, penetration, or false grasp. The chair remains stationary and physically grounded throughout, and no objects appear or disappear without cause. The interaction is plausible for a human reaching to grab a chair, aligning with common-sense expectations. The only minor issue is that the hand never actually makes contact or lifts the chair, which is not a violation but a slight inconsistency in the action's completion. However, the overall motion and context are realistic and free of major anomalies."
LVP_008,5,A metal ladle stirs chopped tomatoes simmering in a steaming stainless steel pot on a white electric stovetop.,"The video shows a human hand using a metal ladle to stir chopped tomatoes in a pot on a stovetop, which is a common, physically plausible cooking action. There are no floating objects, spontaneous appearances, or false grasps. The hand and ladle interact naturally with the pot and its contents. The sequence follows logical, human-level cooking behavior, with steam rising from the simmering pot and consistent kitchen context. All frames are physically grounded and consistent with common-sense expectations."
LVP_009,5,"A person's right hand lifts the open, downward-facing dishwasher door to close it.","The sequence shows a human hand lifting and closing a dishwasher door, which is a physically plausible and common action. There are no floating objects, no spontaneous appearances, and the hand interacts with the door through clear contact. The motion follows natural kinematics: the hand grips the door handle, lifts it upward, and pushes it shut. The background elements remain consistent, and the transition from open to closed is smooth and realistic. This fully aligns with human-level common-sense expectations for interacting with household appliances."
LVP_010,4,A right hand uses a blue pen to press the 'F' key on the black keyboard of a laptop.,"The video shows a human hand using a blue pen to press the 'F' key on a laptop keyboard. While using a pen to press a key is not a typical human interaction, it is physically plausible and does not violate common-sense expectations. There are no physical grounding violations, spontaneous object appearances, or false grasps. The hand and pen are consistently grounded and interact with the keyboard in a coherent manner. The action is clearly intentional and visually consistent across frames, making it a minor deviation from normal behavior rather than a major anomaly."
LVP_011,5,The left hand reaches for the green paper cup resting on the black leather couch and flips it upside down.,"The sequence shows a human hand reaching for, grasping, and flipping a paper cup upside down on a couch, which is a physically plausible and common-sense action. There are no floating objects, spontaneous appearances, or non-contact attachments. The motion is smooth and consistent with real-world physics and human interaction. The action is clearly intentional and correctly executed."
LVP_012,4,"From a first-person perspective, a right hand clenched into a fist moves to punch a glass safety railing overlooking a lower floor with a polished terrazzo surface.","The video shows a human fist moving toward a glass railing in a sequence that is physically plausible. There are no floating objects, no spontaneous appearances, and no false grasps. The motion of the fist is consistent with a punch, and the glass railing appears solid and unbroken. While punching a glass railing is an aggressive and potentially dangerous action, it is still a physically possible human interaction, even if it is not socially or contextually appropriate. The sequence does not contain any physical violations or anomalies."
LVP_013,5,"From an overhead view, a person's right hand reaches over the open lid of a white toilet to press the smaller button on the chrome dual-flush mechanism.","The video shows a human hand interacting with a dual-flush toilet mechanism in a realistic, grounded manner. The hand reaches over the open lid, presses the smaller button, and the motion is consistent across frames. There are no floating objects, penetration, or spontaneous appearances. The interaction is physically plausible and aligns with common human behavior in a bathroom setting. The sequence is coherent and free of anomalies."
LVP_014,5,A person's left hand inserts a green straw into the cross-shaped opening on the lid of a clear plastic cup that is sitting on a wooden desk next to a keyboard.,"The video shows a human hand inserting a green straw into a cup lid in a smooth, physically plausible sequence. There are no floating objects, no spontaneous appearances, and the straw is correctly inserted through the cross-shaped opening with clear contact. The action aligns with common human behavior of preparing a drink. All frames are consistent with real-world physics and expectations."
LVP_015,5,A person's right hand pushes open the right side of a wooden gate equipped with a black metal latch.,"The video shows a human hand interacting with a wooden gate latch in a physically plausible and common-sense manner. The hand approaches, grasps, and manipulates the latch, which is a standard action for opening a gate. There are no floating objects, no spontaneous appearances, and no false grasps—everything is physically grounded and consistent with real-world interaction. The sequence flows logically from approach to latch operation, matching human behavior."
LVP_016,5,A right hand reaches to pick up a silver fork that is lying on a white desk next to a grey Logitech keyboard.,"The video shows a human hand reaching for and picking up a fork from a desk next to a keyboard, which is a plausible and common human action. There are no physical grounding violations, no spontaneous object appearances, and the grasp is physically plausible with clear contact. The sequence follows natural motion and common-sense expectations for interacting with objects in a desk environment."
LVP_017,5,"A right hand tears down a paper sign with a ""Berkeley Physics Lab"" logo from a glass door.","The video shows a human hand peeling a paper sign from a glass door, which is a physically plausible and common-sense action. The hand makes contact with the sign, applies force, and removes it without floating or penetrating other objects. There are no spontaneous appearances or false grasps. The sequence is consistent with how a person would realistically interact with a sticker or sign on a door."
LVP_018,5,A person's left hand reaches toward the handle of a stainless steel oven to pull it open.,"The video shows a person's left hand reaching for and pulling open a stainless steel oven door in a sequence that follows natural human motion. There are no floating parts, no spontaneous object appearances, and the hand makes clear physical contact with the handle, causing the door to open. The interaction is physically plausible and consistent with common-sense expectations for opening an oven."
LVP_019,5,A left hand reaches for the curved backrest of a pale-green wooden chair that is sitting on a patterned rug and lifts it.,"The sequence shows a human hand reaching for and lifting a chair in a physically plausible manner. There are no floating parts, no spontaneous object appearances, and the grasp is clear and grounded. The motion follows natural human interaction with furniture, starting with a reach, making contact, and then lifting. All frames are consistent with common-sense expectations."
LVP_020,5,A right hand reaches to grab the right handlebar of a green and white electric scooter parked on a city sidewalk.,"The video shows a right hand reaching for and grasping the handlebar of a parked electric scooter in a natural, sequential manner. There are no physical grounding violations, no spontaneous object appearances, and the grasp is physically plausible with clear contact. The motion follows common-sense human interaction: reaching, closing the fingers around the handlebar, and stabilizing the grip. All frames are consistent with a realistic human action."
LVP_021,5,A hand moves a silver fork toward the red cup decorated with a repeating pattern of a cartoon French bulldog.,"The video shows a hand moving a fork toward and into a red cup with a cartoon French bulldog pattern. The motion is smooth and physically plausible, with no floating objects, spontaneous appearances, or non-contact attachment. The interaction is consistent with common human behavior: using a fork to stir or place something in a cup. All frames show coherent, grounded physics and natural hand movements. This fully complies with human-level common-sense expectations."
LVP_022,5,A left hand pulls a light-colored wooden chair away from a dark wooden table.,"The video shows a human hand pulling a wooden chair away from a table in a smooth, physically plausible sequence. There are no floating objects, no spontaneous appearances, and the hand maintains clear contact with the chair throughout the motion. The interaction adheres to common-sense expectations for pulling a chair, with natural motion and no violations of physical grounding or contact. The sequence is consistent and realistic."
LVP_023,5,A hand reaches toward a white power strip on a grey carpeted floor to unplug a black electrical cord.,"The video shows a hand reaching for and unplugging a black cord from a white power strip on a grey carpet. The motion is physically plausible and consistent with human interaction: the hand approaches, grasps the plug, and pulls it out. There are no floating objects, no spontaneous appearances, and no false grasps. The sequence follows a logical, common-sense progression for unplugging an electrical device. All interactions are grounded and physically accurate."
LVP_024,5,A hand reaches towards a plastic cup on a white desk to pull the clear straw out of the lid.,"The video shows a hand reaching for and pulling a straw from a plastic cup lid in a physically plausible and common-sense manner. There are no floating parts, spontaneous object appearances, or non-contact attachments. The hand makes clear physical contact with the lid and straw, and the motion is consistent with human interaction. The sequence is realistic and aligns with everyday actions."
LVP_025,5,A right hand reaches toward a crumpled grey towel lying on a light brown wooden surface next to a white pole.,"The video shows a human hand reaching for and grasping a crumpled grey towel on a wooden surface, which is a common, physically plausible interaction. There are no floating objects, no spontaneous appearances, and the grasp is physically grounded with clear contact. The sequence follows natural human motion: reaching, touching, and pulling the towel. All elements are consistent with real-world physics and human behavior, making it fully consistent with common-sense expectations."
LVP_026,5,A right hand lifts a silver spoon out of a white bowl of berries and nuts resting on the canvas seat of a wooden chair.,"The video shows a human hand interacting with a spoon and a bowl of food in a natural, sequential manner. There are no physical grounding violations, no spontaneous object appearances, and the grasp and lifting of the spoon are physically plausible and consistent with human behavior. The sequence follows common-sense expectations for eating: reaching for the spoon, lifting it, and scooping food. All interactions are grounded and realistic."
LVP_027,5,A person's right hand reaches toward the black handset of a purple public payphone on a sidewalk.,"The video shows a human hand reaching toward and interacting with a public payphone in a realistic, sequential manner. There are no physical grounding violations, no spontaneous object appearances, and the hand's interaction with the handset is plausible and consistent with human behavior. The sequence correctly depicts the motion of reaching, grasping, and lifting the handset, which aligns with common-sense expectations for using a payphone. No anomalies are present."
LVP_028,5,A left hand reaches up and pulls open the left-side white cabinet door located above a white range hood.,"The sequence shows a human hand reaching up to open a cabinet door above a range hood, which is a common, physically plausible action. There are no floating parts, no spontaneous object appearances, and the hand makes clear contact with the cabinet door before pulling it open. The motion follows natural human kinematics and the resulting state (door open, revealing contents) is consistent with common-sense expectations. The video is free of anomalies and fully aligns with human-level interaction norms."
LVP_029,5,"A left hand pushes the open door of the silver, front-loading LG washing machine to close it.","The video shows a human hand pushing the door of a front-loading washing machine to close it, which is a common and physically plausible action. There are no floating objects, no spontaneous appearances, and the hand makes clear physical contact with the door throughout the sequence. The motion follows natural human interaction with the appliance, and the door closes smoothly without any anomalies. The sequence is consistent with real-world expectations."
LVP_030,5,A person's right hand reaches over a stainless steel sink toward a blue plastic container holding a steel wool pad.,"The video shows a human hand reaching for and retrieving a steel wool pad from a blue plastic container on a kitchen sink counter. The motion is smooth and physically plausible, with no floating or penetrating objects, no spontaneous appearances, and clear contact during the grasp. The action aligns with common-sense expectations for retrieving a cleaning tool from a storage container. The sequence is consistent and free of anomalies."
LVP_031,5,"A left hand reaches toward a round, mirrored table and picks up a dark blue, spiral-bound notebook.","The video shows a human hand reaching for and picking up a spiral-bound notebook from a round table, which is a common, physically plausible action. There are no floating objects, no spontaneous appearances, and the grasp is physically grounded with clear contact. The sequence follows natural human motion and interaction with objects, making it consistent with human-level common sense."
LVP_032,5,"A person's left hand reaches across a wooden table to pick up the 'Berkeley ENGINEER' magazine, which has a green banner at the top and the title 'Light Science' on its cover.","The video shows a human hand reaching for and picking up a magazine from a wooden table in a sequence that is physically plausible and consistent with common human behavior. There are no floating objects, no spontaneous appearances, and the grasp is properly formed with clear contact. The motion of the hand moving from an extended position to a closed grip on the magazine is natural and expected. All frames show a coherent, continuous action without anomalies."
LVP_033,5,"A person's right index finger presses the circular button on the red ""Shell V-Power"" section of a gas pump.","The video shows a human hand pressing a circular button on a Shell gas pump, which is a common and physically plausible interaction. There are no floating parts, no spontaneous object appearances, and the finger makes clear contact with the button. The sequence follows natural human behavior for selecting fuel at a gas station. All frames are consistent with real-world expectations."
LVP_034,5,A hand reaches from the bottom right of the frame to open the lid of the green compost bin located in the center.,"The video shows a hand approaching and opening a green compost bin in a natural, step-by-step manner. There are no floating parts, no spontaneous object appearances, and the hand makes clear physical contact with the lid before lifting it. The sequence follows common-sense human interaction: reaching, grasping, and lifting the lid. The motion is plausible and consistent with real-world behavior. No anomalies are present, and the action is fully grounded in reality."
LVP_035,5,"A right hand lifts the lid off a white ceramic jar labeled ""TREATS"" that is sitting on a dark blue countertop.","The video shows a human hand lifting the lid off a white ceramic jar labeled 'TREATS' in a smooth, physically plausible sequence. There are no floating objects, no spontaneous appearances, and the grasp and lifting action are consistent with real-world physics and human interaction. The motion is natural and follows common-sense expectations for opening a jar."
LVP_036,5,"A left hand reaches across a white sink to pick up a small, white, leaf-shaped bar of soap resting on the right side.","The video shows a hand interacting with a sink and a small cup. The hand moves naturally, grasping the cup without floating or penetrating other objects. The soap remains stationary on the sink edge, which is consistent with human behavior. There are no spontaneous appearances or false grasps. The action of picking up a cup from a sink is a common, physically plausible interaction. The sequence is consistent with human-level expectations."
LVP_037,5,"A right hand presses a black manual stapler onto the corner of a document resting on a dark, speckled countertop.","The video shows a human hand interacting with a manual stapler and a document in a way that is physically grounded and consistent with common-sense office tasks. There are no floating objects, no spontaneous appearances, and the hand makes clear physical contact with the stapler as it is pressed down. The sequence logically depicts the action of stapling a document, which is a standard human activity. All frames show plausible, continuous motion without violations."
LVP_038,5,A person's right hand flips up the red lever on the chrome spigot of the black hot water dispenser.,"The video shows a human hand interacting with a hot water dispenser in a physically plausible and common-sense manner. The hand approaches, grasps the red lever, and flips it up to dispense water. There are no floating parts, no spontaneous object appearances, and the interaction is grounded with clear physical contact. The sequence is consistent with how a person would operate such a device, making it fully consistent with human-level expectations."
LVP_039,5,"A left hand lifts the yellow cover of the book ""David and Goliath"" by Malcolm Gladwell, which is resting on a fluffy white rug.","The video shows a human hand interacting with a book in a natural, step-by-step manner: first approaching, then lifting the cover, and finally opening it. The hand makes clear physical contact with the book throughout, with no floating, penetration, or spontaneous appearance of objects. The motion is consistent with human behavior for opening a book, and the sequence is physically plausible. There are no anomalies or violations of common-sense physics or interaction."
LVP_040,4,"A right hand pushes down on the black handle of a paper cutter, slicing a sheet of white paper positioned on the gridded cutting board.","The video shows a right hand pushing down on the handle of a paper cutter to slice a sheet of paper. The hand's motion is gradual and consistent with real-world interaction. There are no floating objects, no spontaneous appearances, and no false grasps. The paper remains stationary on the cutting board while the blade moves down, which is physically accurate. The sequence is plausible and aligns with common-sense expectations for using a paper cutter. The only minor issue is that the paper does not visibly separate or show cut edges in the frames, which might suggest a slight lack of realism, but it does not constitute a major violation. Overall, the interaction is physically grounded and human-level consistent."
LVP_041,5,"A right hand reaches into a yellow bucket, which is on a green crate next to a white bollard, and grabs a black windshield squeegee.","The video shows a right hand reaching into a yellow bucket on a green crate to grasp a black windshield squeegee. The motion is physically plausible: the hand approaches, makes contact with the squeegee, and pulls it out. There are no floating parts, no spontaneous object appearances, and the grasp is clear and contact-based. The sequence aligns with common-sense human actions for retrieving an object from a container. The only minor issue is that the squeegee appears to be partially submerged in liquid (likely water) in the bucket, which is plausible for a cleaning task but not explicitly shown as being cleaned or used. However, this does not constitute a major violation. The overall interaction is consistent with human-level expectations."
LVP_042,5,"A hand reaches into a grey, felt-lined nook and pulls a three-legged wooden stool out from the corner.","The video shows a hand reaching into a nook and pulling a three-legged wooden stool out, which is a physically plausible and common human action. There are no floating objects, no spontaneous appearances, and the grasp is physically grounded with clear contact. The sequence flows naturally from approach to extraction, consistent with human-level expectations."
LVP_043,5,A hand pulls the black vertical handle on the left side of the white refrigerator's upper door to open it.,"The video shows a hand pulling a black vertical handle on a white refrigerator door, which opens smoothly and reveals the interior. The sequence follows realistic human interaction: the hand grips the handle, pulls it, and the door swings open without any floating, penetration, or false grasp. The lighting, object placement, and motion are physically plausible and consistent with common-sense expectations for opening a refrigerator. No anomalies are present."
LVP_044,5,"A right hand reaches up to close the open metal door of a rusty, cylindrical mailbox mounted on a weathered wooden post next to brick stairs.","The video shows a human hand reaching up to close the door of a mailbox, which is a common and physically plausible interaction. The hand moves naturally toward the mailbox door, and the door closes in a realistic manner without floating, penetrating, or false attachment. There are no spontaneous object appearances, and the sequence follows human-level common-sense expectations for this task. The motion is smooth and consistent with real-world physics and human behavior."
LVP_045,5,"A person's hand reaches to turn the black, circular wheel on a large, red industrial valve located in front of a chain-link fence.","The video shows a human hand interacting with an industrial valve in a physically plausible manner. There are no floating parts, no spontaneous object appearances, and the hand makes clear contact with the wheel, rotating it naturally. The sequence follows common-sense expectations for turning a valve: the hand reaches, grasps, and turns the wheel. All interactions are grounded and consistent with real-world physics and human behavior. No anomalies are present."
LVP_046,5,A hand moves the pink mouse on the white desk closer to the foreground.,"The video shows a hand moving a pink mouse on a desk toward the foreground, which is a plausible and common human interaction. There are no physical grounding violations (the hand and mouse remain on the desk surface), no spontaneous object appearances, and no false grasps—contact is clear and consistent. The motion is smooth and follows natural human behavior. All frames are consistent with real-world physics and common-sense expectations."
LVP_047,5,A right hand reaches toward the white trash bin located under a wooden surface to open it.,"The video shows a human hand reaching for and opening a white trash bin in a sequence that is physically plausible and consistent with common-sense interactions. There are no floating objects, no spontaneous appearances, and the hand makes clear contact with the lid before lifting it. The motion of opening the bin is natural and expected. All frames show a coherent, grounded interaction without anomalies."
LVP_048,5,A person's right hand pushes open the right side of a wooden gate equipped with a black metal latch.,"The video shows a human hand interacting with a wooden gate latch in a physically plausible manner. The hand approaches, makes contact with the latch, and applies force to open the gate. There are no floating parts, no spontaneous object appearances, and no false grasps. The motion follows common-sense expectations for opening a gate. The sequence is consistent with real-world human interaction."
LVP_049,5,"A left hand, extending from a grey sweatshirt sleeve, is positioned to lift the lid of a dark grey laptop resting on the canvas seat of a light wood-framed chair.","The video shows a human hand interacting with a laptop in a natural, step-by-step manner: first approaching, then lifting the lid, and finally interacting with the screen. There are no physical grounding violations, no spontaneous object appearances, and the grasp and lifting actions are physically plausible. The sequence aligns with common human behavior for opening a laptop. All frames are consistent with human-level common sense."
LVP_050,5,"A right hand holding a silver spoon places it into the black mug with the white ""The Robotics Institute"" logo.","The video shows a human hand placing a spoon into a mug in a sequence that is physically plausible and consistent with common human interaction. There are no floating objects, no spontaneous appearances, and the spoon is clearly held and inserted into the mug with proper contact. The motion is smooth and follows natural human dexterity. All frames show coherent, grounded interactions without any violations of physical laws or common-sense expectations."
LVP_051,5,A left hand reaches toward a green and white paper cup on a grey patterned carpet and squeezes it.,"The sequence shows a human hand reaching toward a paper cup on a carpet, with natural motion progression: initial approach, contact, and squeezing. There are no physical grounding violations, no spontaneous object appearances, and the grasp is physically plausible with clear contact. The actions are consistent with common human behavior, such as handling a cup. No anomalies are present, and the motion is smooth and realistic."
LVP_052,5,A person's right hand reaches towards the silver panel on a black emergency call box to press the red button.,"The sequence shows a human hand reaching toward and pressing a red button on an emergency call box, which is a common and physically plausible interaction. There are no floating parts, no spontaneous object appearances, and the hand makes clear contact with the button. The motion is consistent with human behavior: the hand approaches, presses, and then withdraws. All frames are grounded and physically coherent, meeting human-level common-sense expectations."
LVP_053,5,A right hand reaches across the black speckled countertop to pick up the blue creamer cup from a group of three.,"The video shows a human hand reaching for and picking up a blue creamer cup from a countertop, with consistent physical grounding and plausible motion. The hand makes contact with the cup, lifts it, and moves it away, which aligns with common-sense human interaction. There are no floating objects, spontaneous appearances, or non-contact grasps. The sequence is physically coherent and natural."
LVP_054,5,A left hand reaches onto the corner of a light-brown wooden table and picks up the white AirPods case.,"The video shows a human hand reaching for and picking up a white AirPods case from a wooden table. The motion is physically plausible: the hand approaches, makes contact, grasps the object, and lifts it away. There are no floating parts, no spontaneous appearances, and the grasp is clear and contact-based. This sequence aligns perfectly with common-sense human interaction with everyday objects."
LVP_055,5,A person's left arm reaches down toward the black plunger in its holder on the hexagonal-tiled floor next to the toilet.,"The video shows a human arm reaching for and interacting with a toilet brush in its holder on a hexagonal-tiled floor, which is a common and physically plausible bathroom activity. There are no floating objects, spontaneous appearances, or false grasps. The motion is consistent with human behavior: the hand approaches, grasps the brush handle, lifts it, and then releases it. All interactions are physically grounded and follow natural human movement patterns. The sequence is coherent and aligns with common-sense expectations for a person cleaning or handling a toilet brush."
LVP_056,5,A right hand reaches into the top shelf of an open Frigidaire refrigerator and pulls out a half-full plastic jug of Berkeley milk.,"The video shows a human hand reaching into a refrigerator, grasping a milk jug, and pulling it out. The motion is physically plausible, with no floating or intersecting parts, no spontaneous object appearances, and clear contact during the grasp. The sequence aligns with common-sense human behavior for retrieving an item from a fridge. The only minor issue is that the hand appears to be slightly blurred in some frames, but this does not constitute a violation of physical or common-sense rules."
LVP_057,5,"A person's right hand moves to twist the white, ridged cap off a white and red bottle that is lying on the gray fabric of an office chair.","The video shows a human hand interacting with a bottle in a physically plausible way. The hand approaches, grasps the cap, twists it off, and releases it, all without floating, penetrating, or false attachment. The motion sequence is consistent with real-world actions for opening a bottle cap. There are no spontaneous object appearances or physical grounding violations. The interaction adheres to common-sense expectations for human behavior."
LVP_058,5,A right index finger presses the number 8 button on the lower physical keypad of a stainless steel elevator control panel.,"The video shows a human finger pressing the '8' button on an elevator keypad, which is a common and physically plausible interaction. There are no floating objects, no spontaneous appearances, and no false grasps. The sequence correctly depicts the finger moving to the button and pressing it, with consistent lighting and panel geometry across frames. This action fully aligns with human-level common sense for operating an elevator."
LVP_059,5,"A right hand with dark nail polish on the thumb, extending from a white-cuffed sleeve, reaches to hold the black, textured right handlebar of an electric scooter.","The video shows a hand with dark nail polish reaching for and grasping the handlebar of an electric scooter in a natural, step-by-step manner. There are no floating parts, no spontaneous object appearances, and the grasp is physically plausible with clear contact. The sequence follows common-sense human interaction: the hand approaches, makes contact, and firmly grips the handlebar. All frames are consistent with realistic human motion and environmental context."
LVP_060,5,"A person's right hand holding a silver spoon places it into the red cup decorated with French bulldog faces, which already contains a fork.","The video shows a hand holding a spoon and placing it into a cup that already contains a fork. The motion is smooth and physically plausible, with no floating objects, penetration, or false grasping. The interaction follows common-sense expectations: a person placing a spoon into a cup alongside another utensil. All frames are consistent with human-level actions and no anomalies are present."
LVP_061,2,A person's hand reaches for the open zipper on the front of a black backpack resting on a wooden desk to zip it closed.,"The video shows a robotic arm attempting to interact with a backpack zipper, while a human hand is nearby. The robotic arm's movements appear physically grounded and plausible, with no floating or penetrating objects. However, the task described (zipping a backpack) is not being performed correctly; the robotic arm is not engaging the zipper in a way that would close it, and the human hand is not interacting with the zipper. This indicates a failure to complete the intended action, which is a common-sense violation for a task video. The robot's grasp is also not clearly attached to the zipper, suggesting a non-contact attachment or false grasp. Therefore, the video fails to meet human-level common-sense expectations for the task."
LVP_062,4,A right hand reaches to grab the wooden chair with a cross-back design on the red brick patio.,"The video shows a human hand reaching toward a wooden chair in a consistent, plausible manner across frames. There are no physical grounding violations, no spontaneous object appearances, and no false grasps— the hand moves naturally toward the chair without intersecting or penetrating objects. The sequence aligns with common-sense human interaction: a person reaching for a chair to pull it toward them or to sit. The motion is smooth and physically grounded. The only minor issue is that the hand never actually makes contact with the chair, which might be a slight inconsistency for a 'grab' action, but the overall sequence is highly realistic and consistent with human behavior."
LVP_063,5,"A person's left hand reaches for a spray bottle in a yellow caddy on a janitorial cart, which also holds a box of black gloves, a roll of paper towels, and other cleaning solutions.","The video shows a person's hand reaching into a janitorial cart to retrieve a spray bottle. The motion is smooth and physically plausible, with no floating objects, spontaneous appearances, or false grasps. The hand interacts naturally with the cart and objects, and the sequence follows common-sense expectations for a human performing a routine task. The objects remain grounded and move only as a result of the hand's interaction. The action is consistent with real-world behavior."
LVP_064,5,A right hand reaches for the silver doorknob to open the black metal mesh security gate.,"The video shows a human hand reaching for and grasping a silver doorknob on a black metal mesh gate, which is a common, physically plausible interaction. There are no floating parts, no spontaneous object appearances, and the grasp is clearly physical with contact. The sequence follows natural human motion: reaching, grasping, and turning the knob. All frames are consistent with real-world physics and human behavior, making it fully consistent with common-sense expectations."
LVP_065,5,A right hand with dark nail polish reaches toward a white desk to unscrew the cap of an orange plastic bottle of Ito En Hojicha tea.,"The sequence shows a human hand with dark nail polish approaching, grasping, and unscrewing the cap of an Ito En Hojicha tea bottle on a desk. All interactions are physically plausible: the hand makes clear contact with the bottle, the bottle remains grounded on the desk, and the motion of unscrewing is consistent with real-world behavior. No anomalies such as floating objects, spontaneous appearances, or false grasps are present. The action is entirely consistent with human-level common sense."
LVP_066,5,A person's right index finger moves towards an open container of yellow petroleum jelly on a white bathroom counter to scoop some of the paste.,"The video shows a person's right index finger moving toward an open container of yellow petroleum jelly on a bathroom counter. The sequence is physically grounded, with no floating or intersecting objects. The finger approaches the container without any spontaneous appearance of objects or false grasps. The action is consistent with common human behavior: reaching for a substance to scoop or apply. The motion is gradual and plausible, matching the expected interaction with a soft, spreadable product. No anomalies are present, and the interaction is entirely within human-level common sense."
LVP_067,5,"From an overhead view, a person's right hand reaches over the open lid of a white toilet to press the smaller button on the chrome dual-flush mechanism.","The video shows a human hand interacting with a dual-flush toilet mechanism in a realistic, step-by-step manner. There are no physical grounding violations, spontaneous object appearances, or false grasps. The action of pressing the smaller button to flush with a reduced volume of water is a common and sensible human interaction with such fixtures. The sequence is coherent and consistent with everyday bathroom behavior."
LVP_068,5,"A right hand reaches for a white power adapter on a white desk, moving to plug it into the adjacent white power strip.","The video shows a human hand reaching for a power adapter and plugging it into a power strip, which is a common, physically plausible action. There are no floating objects, no spontaneous appearances, and the grasp and plug-in actions are physically grounded. The sequence follows natural human interaction with everyday objects, making it consistent with common-sense expectations."
LVP_069,5,"A person's right hand reaches towards the silver doorknob on a dirty, white paneled door, which is next to a textured white wall with a double light switch.","The video shows a human hand reaching for and interacting with a doorknob in a realistic, sequential manner. There are no physical grounding violations, no spontaneous object appearances, and the hand makes clear contact with the doorknob without false grasps. The motion and context are consistent with common human behavior for opening a door. All frames align logically with the action, and the environment (dirty white door, textured wall, light switch) is plausible and stable."
LVP_070,5,"A person's left hand lifts the lid of a white, top-loading washing machine using the indented handle on the front.","The sequence shows a human hand lifting the lid of a top-loading washing machine in a physically plausible and consistent manner. There are no floating parts, no spontaneous object appearances, and the hand makes clear contact with the lid throughout the motion. The action follows common-sense expectations for interacting with such an appliance. The motion is smooth and realistic, with no false grasps or penetration. The video is fully consistent with human-level interactions."
LVP_071,5,"A right hand with black nail polish reaches toward a teal, BMO-themed earbud case on a wooden surface to open the lid.","The video shows a human hand with black nail polish approaching and opening a teal BMO-themed earbud case on a wooden surface. The hand's movement is natural and sequential: it hovers, then makes contact, and finally lifts the lid. There are no floating objects, no spontaneous appearances, and no false grasps. The interaction is physically plausible and aligns with common human behavior for opening a small case. The sequence is smooth and consistent with real-world expectations."
LVP_072,5,A right hand reaches down to pick up an upside-down electric skateboard from a wooden floor.,"The video shows a right hand reaching down to pick up an upside-down electric skateboard from a wooden floor. The hand makes physical contact with the skateboard, grips it, and lifts it without any floating, penetration, or spontaneous appearance. The motion is consistent with human interaction: the hand first touches the board, then grasps it, and finally lifts it. All frames show plausible, continuous motion without anomalies. The action is common-sense and realistic for a human picking up an object."
LVP_073,5,A right hand reaches to grab the black gas nozzle from its holster on a white and yellow Shell gas pump.,"The sequence shows a human hand reaching for and grasping a gas nozzle from its holster on a Shell gas pump, which is a common and physically plausible action. There are no floating parts, no spontaneous object appearances, and the grasp is physically grounded with clear contact. The motion follows natural human interaction with a gas pump, making it consistent with common-sense expectations."
LVP_074,5,A person's right hand turns the thumb-turn of the brass deadbolt lock on a white door.,"The video shows a human hand interacting with a brass deadbolt lock in a sequence that follows common-sense expectations: the thumb-turn is grasped and rotated, which is a standard action for locking or unlocking a door. There are no physical grounding violations, no spontaneous object appearances, and no false grasps. The motion is plausible and consistent with real-world human interaction with a door lock."
LVP_075,5,"A right hand unscrews the white lid from a large, translucent plastic jar that is sitting on a dark, speckled countertop.","The video shows a right hand unscrewing a white lid from a large plastic jar in a physically plausible and common-sense manner. The hand grips the lid, applies torque, and gradually removes it without floating, penetrating, or false attachment. The sequence progresses logically: initial grip, twisting motion, lid separation, and final removal. No anomalies are present, and the interaction adheres to real-world physics and human behavior."
LVP_076,5,"A person's left hand reaches to grab the top black, octagonal 'Iron Grip' weight plate from a stack on a yellow Hammer Strength machine.","The sequence shows a human hand reaching for, grasping, and lifting a stack of black 'Iron Grip' weight plates from a yellow Hammer Strength machine. The motion is physically plausible: the hand approaches, makes contact, applies force to lift, and the plates move as expected under gravity. There are no floating parts, no spontaneous object appearances, and the grasp is clearly contact-based. The interaction follows common-sense human behavior for handling weights in a gym setting. All frames are consistent with each other and with real-world physics."
LVP_077,5,"A right hand moves a white ergonomic mouse leftwards, sliding it from its position on top of the black keyboard.","The video shows a human hand interacting with a white ergonomic mouse on a black keyboard. The hand moves the mouse leftwards across the keyboard surface in a smooth, continuous motion. All frames show consistent physical grounding: the hand and mouse are properly attached to the keyboard and desk without floating or penetrating other objects. There are no spontaneous appearances of objects, and the interaction is physically plausible. The motion is consistent with common human behavior when using a mouse. The sequence is coherent and follows expected human-level interaction patterns."
LVP_078,5,A left hand reaches into the open blue and white bottle of vitamins sitting on a white plastic cart.,"The video shows a human hand interacting with a bottle of vitamins on a cart in a physically plausible and common-sense manner. The hand moves toward the bottle, grasps it, and lifts it away from the cart. There are no floating objects, no spontaneous appearances, and the grasp is physically grounded with clear contact. The sequence is consistent with how a person would naturally reach for and pick up an item. No anomalies are present."
LVP_079,5,"A hand, extending from a blue sleeve, reaches for the brushed metal lever handle on the white paneled door and lifts it upward.","The sequence shows a hand in a blue sleeve approaching, grasping, and lifting a brushed metal door handle on a white paneled door, culminating in the door opening. The motion is physically plausible and consistent with human interaction. There are no floating parts, spontaneous object appearances, or false grasps. The hand makes clear contact with the handle, and the door opens naturally as expected. The sequence adheres to common-sense expectations for opening a door."
LVP_080,5,"A right hand flips the black cover of the open spiral notebook over the gridded page, closing the notebook on the round, mirrored table.","The video shows a right hand flipping the cover of an open spiral notebook to close it, which is a natural, physically grounded, and common-sense action. There are no floating parts, no spontaneous object appearances, and the hand makes clear physical contact with the notebook throughout the motion. The sequence progresses logically and matches human interaction expectations. The motion is smooth and plausible, with no false grasps or penetrations. All frames are consistent with the described action."
LVP_081,5,"A person's left hand, wearing a grey sweatshirt, turns the large silver control knob on the front of a grey LG washing machine.","The video shows a person's hand interacting with a washing machine's control knob in a manner that is physically plausible and consistent with common human behavior. The hand is properly grounded, making contact with the knob, and the knob rotates as expected when turned. There are no floating objects, spontaneous appearances, or false grasps. The sequence accurately depicts the action of turning a control knob on a washing machine, which is a routine household task. All frames are consistent with each other and with real-world physics and human interaction."
LVP_082,5,A right hand reaches for a black eraser resting in a black holder attached to a whiteboard to erase the purple triangle drawn on the board.,"The video shows a hand reaching for and picking up a black eraser from a holder attached to a whiteboard, then moving it toward the purple triangle drawn on the board. The hand grasps the eraser with clear physical contact, and the eraser moves with the hand without floating or penetrating other objects. The sequence is physically plausible and consistent with common human actions for erasing a whiteboard. There are no spontaneous appearances or non-contact attachments. The motion is smooth and follows natural human behavior."
LVP_083,1,"From a first-person perspective, a right hand clenched into a fist moves to punch a glass safety railing overlooking a lower floor with a polished terrazzo surface.","The video shows a hand moving toward a glass railing in a sequence that appears to depict a punch. However, the hand never makes contact with the glass, and the motion is inconsistent with a realistic punch. The hand appears to be hovering or moving without causing any visible impact or deformation on the glass, which violates physical realism. Additionally, the sequence lacks the expected momentum and follow-through of a punch. This is a major violation of common-sense expectations for human-level interactions, as a punch would involve contact, force transfer, and likely a reaction from the object being struck. The frames also show no signs of the hand penetrating or intersecting the glass, so there is no physical grounding violation. However, the action itself is implausible and staged, making the overall sequence inconsistent with human behavior."
LVP_084,5,A right hand pushes down the open blue lid of a recycling bin located on a street curb.,"The video shows a human hand pushing down the lid of a blue recycling bin in a realistic, step-by-step manner. There are no physical grounding violations, no spontaneous object appearances, and the hand interacts with the bin lid in a physically plausible way. The sequence follows common-sense expectations for opening a bin: the hand presses down, the lid opens, and then the hand is seen placing an item inside. The motion is smooth and consistent with human behavior. All frames are coherent and show a natural progression of action without any anomalies."
LVP_085,5,"A right hand holding a key with a black head moves it towards the silver deadbolt lock on a white door, positioned above a silver doorknob.","The video shows a human hand holding a key and moving it toward and into a deadbolt lock on a door, which is a common and physically plausible action. There are no floating objects, no spontaneous appearances, and the key is clearly held and manipulated by the hand without false attachment. The sequence follows natural human behavior for unlocking a door, making it consistent with common-sense expectations."
LVP_086,5,A left hand reaches for the handle on the left side of a white dryer door and pulls it open.,"The video shows a left hand reaching for and pulling open a dryer door, which is a common, physically plausible human action. There are no floating parts, no spontaneous object appearances, and the hand makes clear physical contact with the handle throughout the sequence. The motion is consistent with real-world interaction, and the final frames show the door opening to reveal the interior drum. All elements are grounded and the interaction is physically and semantically coherent."
LVP_087,5,"A right hand reaches toward a white, single-toggle light switch on a beige wall to flick it upward.","The video shows a human hand reaching toward and flicking a standard light switch in a realistic, sequential manner. There are no physical grounding violations, no spontaneous object appearances, and the interaction with the switch is physically plausible and consistent with human behavior. The motion of the hand and the switch's response follow common-sense expectations for turning a light on and off."
LVP_088,5,A right hand with dark nail polish reaches for a black rectangular eraser resting on a light-colored wooden surface.,"The video shows a right hand with dark nail polish reaching for and grasping a black rectangular eraser on a wooden surface. The motion is sequential and physically plausible: the hand approaches, makes contact, and lifts the eraser. There are no floating objects, no spontaneous appearances, and the grasp is physically grounded with clear contact. The sequence aligns with common-sense human interaction for picking up an object."
LVP_089,5,A right hand in a grey sleeve reaches to lift the stainless steel pan lid from the black electric stovetop.,"The sequence shows a human hand in a grey sleeve lifting a stainless steel pan lid from a stovetop in a natural, step-by-step manner. There are no floating parts, no spontaneous object appearances, and the grasp is physically plausible with clear contact. The action follows common-sense kitchen behavior: reaching for the lid, grasping the handle, lifting it, and setting it aside. The motion is smooth and consistent with human interaction. No anomalies are present, and the action is fully grounded and realistic."
LVP_090,5,"A right hand tears down a paper sign with a ""Berkeley Physics Lab"" logo from a glass door.","The video shows a human hand peeling a paper sign off a glass door in a sequence that follows realistic physics and human interaction. The hand makes contact with the sign, applies force, and the sign detaches and falls, which is consistent with common-sense expectations. There are no floating objects, no spontaneous appearances, and no non-contact attachment. The motion is plausible and grounded in reality."
LVP_091,5,A right hand reaches towards an orange and white traffic cone sitting on a white line in an asphalt parking lot.,"The video shows a right hand reaching toward an orange and white traffic cone on asphalt, with natural progression of motion across frames. There are no physical grounding violations (hand and cone remain grounded), no spontaneous object appearances, and no false grasps — the hand approaches the cone without touching it in any frame, which is plausible as a reaching gesture. The sequence aligns with common human behavior: reaching for an object. No anomalies are present."
LVP_092,5,"A hand reaches up to press the horizontal metal panic bar, which has a green indicator light, on a white door.","The video shows a hand approaching and pressing a horizontal metal panic bar on a door, which is a common and physically plausible human interaction. The hand is consistently grounded and interacts with the bar without penetration or floating. There are no spontaneous object appearances, and the motion is continuous and realistic. The green indicator light remains on, which is consistent with the panic bar being activated or in standby. All frames show coherent, human-level actions without violations."
LVP_093,5,A person's left hand reaches toward the handle of a stainless steel oven to pull it open.,"The sequence shows a human hand reaching for and pulling open a stainless steel oven door in a realistic, step-by-step manner. There are no physical grounding violations (the hand and oven are properly grounded), no spontaneous object appearances, and the grasp is physically plausible with clear contact. The motion follows common-sense expectations for opening an oven door: initial approach, grip, pull, and full opening. The progression is smooth and consistent with human interaction."
LVP_094,4,"A person's right hand rests on the black dial of a silver Patton floor fan, which is positioned on a counter in front of shelves stocked with cases of instant noodles.","The video shows a person's hand interacting with a Patton floor fan's dial in a retail setting surrounded by instant noodle cases. The hand's motion is consistent with adjusting the fan's settings. There are no physical grounding violations, no spontaneous object appearances, and the interaction is plausible. The scene is common-sense consistent: a person adjusting a fan in a store. The only minor issue is that the fan is a floor fan placed on a counter, which is unusual but not physically impossible or illogical. Overall, the interaction is human-level and plausible."
LVP_095,5,"A hand wipes a light brown, wood-grain floor with a white paper towel.","The video shows a hand wiping a wooden floor with a paper towel in a sequence that is physically plausible and consistent with human cleaning behavior. There are no floating objects, no spontaneous appearances, and no false grasps. The hand and paper towel interact naturally with the floor surface, and the motion is continuous and realistic. This aligns with common-sense expectations for human-level interactions."
LVP_096,5,A hand holding a silver fork moves it from over the black mug and places it into the red cup decorated with a dog pattern.,"The video shows a hand moving a fork from above a black mug to a red cup with a dog pattern, which is a plausible and common human action. There are no physical grounding violations, no spontaneous object appearances, and the grasp and placement of the fork are physically consistent. The motion is smooth and follows natural human interaction patterns, making it fully consistent with common-sense expectations."
LVP_097,5,"The left hand holds an open book, its thumb placed on the bottom corner of the right-hand page, and turns the page to the left.","The video shows a human hand turning a page in a book in a physically plausible and common-sense manner. The thumb is placed on the bottom corner of the right-hand page, and the page is turned to the left, which is the standard way to turn pages in a book. There are no floating parts, no spontaneous object appearances, and no false grasps. The interaction is consistent with how a human would naturally handle a book."
LVP_098,5,"A person places their left hand, palm facing up, under the nozzle of a black and clear Purell hand sanitizer dispenser mounted on a black stand.","The video shows a person placing their hand under a Purell hand sanitizer dispenser, which is a common and expected human interaction. The hand position changes slightly across frames, which is plausible as the person adjusts their hand to receive the sanitizer. There are no floating objects, no spontaneous appearances, and no non-contact attachments. The sequence is physically grounded and consistent with common-sense expectations for using a hand sanitizer dispenser. The only minor issue is that the dispenser appears to dispense sanitizer in the last frame, which is expected behavior, but the hand position in the final frame is slightly awkward for receiving a full dose, which is not a major violation."
LVP_099,5,"A right hand reaches towards a row of books on a wooden shelf to pull out the blue hardcover book titled ""molecular genetics of bacteria.""","The video shows a human hand reaching for and pulling out a blue hardcover book from a shelf in a natural, sequential manner. There are no physical grounding violations (the hand and books remain properly grounded and do not intersect), no spontaneous object appearances, and the grasp is physically plausible with clear contact. The action follows common-sense expectations for retrieving a book from a shelf. The motion is smooth and realistic, with no false grasps or unnatural movements. All frames are consistent with human interaction."
RoboWM_000,5,"The robotic arm closes its grippers and pushes the drawer back to the closed position. Throughout the entire sequence, the gripper undergoes no structural deformation, only the opening angle of its jaws changes; the rotational movements of the robotic arm joints strictly adhere to its inherent mechanical structure; and the camera perspective remains completely unchanged.","The video shows a robotic arm closing its grippers and pushing a drawer back into place. There are no physical grounding violations (no floating or intersecting parts), no spontaneous object appearances, and the grasp is physically plausible with clear contact. The motion is consistent with how a human would expect a robotic arm to interact with a drawer: closing the grippers and applying force to push the drawer shut. The sequence is mechanically plausible and adheres to common-sense expectations for robotic manipulation."
RoboWM_001,5,"The robotic arm closes its gripper and pushes the drawer back to the closed position. Throughout the entire sequence, the gripper undergoes no structural deformation, only the opening angle of its jaws changes; the rotational movements of the robotic arm joints strictly adhere to its inherent mechanical structure; and the camera perspective remains completely unchanged.","The video shows a robotic arm closing its gripper and pushing a drawer back into place. There are no physical grounding violations (no floating or intersecting parts), no spontaneous object appearances, and the grasp is physically plausible as the gripper makes contact with the drawer handle. The motion follows common-sense robotic behavior for a task like this. The sequence is consistent with human-level expectations for a robot performing a simple manipulation task."
RoboWM_002,5,"The robotic arm closes its grippers and pushes the drawer back to the closed position. Throughout the entire sequence, the gripper undergoes no structural deformation, only the opening angle of its jaws changes; the rotational movements of the robotic arm joints strictly adhere to its inherent mechanical structure; and the camera perspective remains completely unchanged.","The video shows a robotic arm closing its grippers and pushing a drawer back into place. There are no physical grounding violations (no floating or penetrating parts), no spontaneous object appearances, and the grasp is physically plausible with clear contact. The motion is consistent with human-level expectations for robotic manipulation: the gripper closes, applies force to push the drawer, and returns it to its closed position. The robotic arm's joints move in a mechanically plausible way, and the camera perspective remains static. All elements behave as expected in a real-world robotic task."
RoboWM_003,5,"The robotic arm picks up the yellow cube from the table and moves it above the trash bin then releases the gripper so the cube falls into the bin. Throughout the entire sequence, the gripper undergoes no structural deformation, only the opening angle of its jaws changes; the rotational movements of the robotic arm joints strictly adhere to its inherent mechanical structure; and the camera perspective remains completely unchanged.","The video shows a robotic arm performing a standard pick-and-place task: it approaches a yellow cube, grasps it, lifts it above a trash bin, and releases it. The gripper's jaws open and close without deformation, and the arm's movements follow its mechanical structure. There are no floating parts, no spontaneous object appearances, and the grasp is physically plausible with clear contact. The sequence is consistent with human-level expectations for robotic manipulation. However, the motion is slightly jerky and the camera angle is static, which might be a minor artifact of AI generation, but does not constitute a violation of common-sense physics or interaction."
RoboWM_004,4,"The robotic arm picks up the yellow cube from the table and moves it above the trash bin then releases the gripper so the cube falls into the bin. Throughout the entire sequence, the gripper undergoes no structural deformation, only the opening angle of its jaws changes; the rotational movements of the robotic arm joints strictly adhere to its inherent mechanical structure; and the camera perspective remains completely unchanged.","The video shows a robotic arm picking up a yellow cube, moving it over a trash bin, and releasing it. The gripper opens and closes appropriately, and the cube is physically contacted and held during the grasp. The arm's motion is mechanically plausible, with no floating, penetration, or spontaneous appearance. The sequence aligns with common-sense expectations for robotic manipulation tasks. However, the motion is slightly jerky and the cube's trajectory is not perfectly smooth, which might suggest minor AI-generated artifacts, but no major violations are present."
RoboWM_005,5,"The robotic arm picks up the blue cube from the table and moves it above the trash bin then releases the gripper so the cube falls into the bin. Throughout the entire sequence, the gripper undergoes no structural deformation, only the opening angle of its jaws changes; the rotational movements of the robotic arm joints strictly adhere to its inherent mechanical structure; and the camera perspective remains completely unchanged.","The video shows a robotic arm performing a standard pick-and-place task: grasping a blue cube, lifting it, moving it over a trash bin, and releasing it. The gripper's jaws open and close without deformation, the arm's joints move within plausible mechanical constraints, and the camera perspective is static. There are no floating parts, no spontaneous object appearances, and the grasp is physically plausible with clear contact. The sequence aligns with common-sense expectations for robotic manipulation."
RoboWM_006,5,"The robotic arm picks up the brown paper cup from the table and moves it above the beige trash bin then releases the gripper so the cup falls into the bin. Throughout the entire sequence, the gripper undergoes no structural deformation, only the opening angle of its jaws changes; the rotational movements of the robotic arm joints strictly adhere to its inherent mechanical structure; and the camera perspective remains completely unchanged.","The video shows a robotic arm performing a standard pick-and-place task: it grasps a brown paper cup, lifts it above a beige trash bin, and releases it. The gripper's jaws open and close without structural deformation, and the arm's motion follows its mechanical structure. There are no floating parts, no spontaneous object appearances, and the grasp is physically plausible with clear contact. The sequence aligns with common-sense expectations for robotic manipulation, making it fully consistent with human-level understanding of such tasks."
RoboWM_007,5,"The robotic arm picks up the white cube from the table and moves it above the trash bin then releases the gripper so the cube falls into the bin. Throughout the entire sequence, the gripper undergoes no structural deformation, only the opening angle of its jaws changes; the rotational movements of the robotic arm joints strictly adhere to its inherent mechanical structure; and the camera perspective remains completely unchanged.","The video depicts a robotic arm performing a standard pick-and-place task: it grasps a white cube, lifts it above a trash bin, and releases it. The gripper's motion is consistent with mechanical constraints (no deformation, only jaw angle change), and the arm's joints move according to its physical structure. There are no floating parts, spontaneous appearances, or non-contact grasps. The sequence is physically plausible and aligns with common-sense expectations for robotic manipulation. However, the description mentions a 'white cube' but the frames show a white cube being manipulated, and the trash bin is beige, which is consistent. The task is straightforward and correctly executed, warranting a high score."
RoboWM_008,5,"The robotic arm picks up the brown paper cup from the table and moves it above the beige trash bin then releases the gripper so the cup falls into the bin. Throughout the entire sequence, the gripper undergoes no structural deformation, only the opening angle of its jaws changes; the rotational movements of the robotic arm joints strictly adhere to its inherent mechanical structure; and the camera perspective remains completely unchanged.","The video shows a robotic arm performing a standard pick-and-place task: it grasps a brown paper cup, lifts it above a trash bin, and releases it. The gripper's jaws open and close without deformation, and the arm's joints move in a physically plausible, mechanically constrained manner. There are no floating parts, no spontaneous object appearances, and the grasp is maintained through clear physical contact. The sequence aligns with common-sense expectations for robotic manipulation. While the motion is smooth and the camera is static, the task is fundamentally realistic and mechanically sound, warranting a high score."
RoboWM_009,5,"The robotic arm picks up the brown paper cup from the table and moves it above the beige trash bin then releases the gripper so the cup falls into the bin. Throughout the entire sequence, the gripper undergoes no structural deformation, only the opening angle of its jaws changes; the rotational movements of the robotic arm joints strictly adhere to its inherent mechanical structure; and the camera perspective remains completely unchanged.","The video shows a robotic arm performing a standard pick-and-place task: it grasps a brown paper cup, lifts it above a trash bin, and releases it. The gripper's motion is consistent with mechanical operation—only the jaw angle changes, not the structure. The arm's joints move in a physically plausible manner without deformation or penetration. The cup is physically contacted and held by the gripper before being released. There are no floating parts, spontaneous appearances, or non-contact attachments. The sequence follows common-sense physics and robotic behavior, making it fully consistent with human-level expectations for such a task."
RoboWM_010,4,"The robotic arm picks up the white cup from the table and moves it above the beige trash bin then releases the gripper so the cup falls into the bin. Throughout the entire sequence, the gripper undergoes no structural deformation, only the opening angle of its jaws changes; the rotational movements of the robotic arm joints strictly adhere to its inherent mechanical structure; and the camera perspective remains completely unchanged.","The video shows a robotic arm performing a standard pick-and-place task: it grasps a white cup, lifts it, moves it over a beige trash bin, and releases it. The gripper's jaws open and close without deformation, and the arm's movements are mechanically plausible. There are no floating parts, no spontaneous object appearances, and the grasp is physically grounded. The sequence is consistent with common-sense expectations for robotic manipulation. However, the task is simple and the motion is highly controlled, so while it is physically and logically sound, it may not feel 'natural' or 'human-like' in its execution, which is why a 5 is not assigned. A 4 is appropriate as it is correct but not fully expressive of human-level interaction nuances."
RoboWM_011,4,"The robotic arm picks up the white cup from the table and moves it above the beige trash bin then releases the gripper so the cup falls into the bin. Throughout the entire sequence, the gripper undergoes no structural deformation, only the opening angle of its jaws changes; the rotational movements of the robotic arm joints strictly adhere to its inherent mechanical structure; and the camera perspective remains completely unchanged.","The video shows a robotic arm performing a standard pick-and-place task: it approaches a small white cup, grasps it, lifts it, moves it over a larger beige bin, and releases it. The gripper's jaws open and close without structural deformation, and the arm's joints move in a physically plausible manner consistent with its mechanical structure. There are no floating parts, no spontaneous object appearances, and the grasp is physically contact-based. The sequence is coherent and aligns with common-sense expectations for robotic manipulation. However, the task is simple and the motion is somewhat robotic and lacks the subtle nuances of human interaction, which might prevent it from being rated 5. A score of 4 is appropriate as it is fully consistent with human-level expectations for a robotic task, but not perfectly naturalistic."
RoboWM_012,4,"The robotic arm picks up the white cup from the table and moves it above the beige trash bin then releases the gripper so the cup falls into the bin. Throughout the entire sequence, the gripper undergoes no structural deformation, only the opening angle of its jaws changes; the rotational movements of the robotic arm joints strictly adhere to its inherent mechanical structure; and the camera perspective remains completely unchanged.","The video shows a robotic arm performing a standard pick-and-place task: it grasps a small white cup, lifts it, moves it over a larger beige bin, and releases it. The gripper opens and closes without structural deformation, and the arm's joints move in a mechanically plausible manner. There are no floating parts, no spontaneous object appearances, and the grasp is physically grounded — the cup is clearly held by the gripper before being released. The sequence is consistent with human-level expectations for robotic manipulation. However, the task is simple and the scene is static, so while it is physically and logically sound, it lacks the complexity or nuance that might warrant a 5. A score of 4 is appropriate as it is fully consistent but not exceptionally rich in human-like interaction."
RoboWM_013,5,"The robotic arm picks up the white cup from the table to a certain height. Throughout the entire sequence, the gripper undergoes no structural deformation, only the opening angle of its jaws changes; the rotational movements of the robotic arm joints strictly adhere to its inherent mechanical structure; and the camera perspective remains completely unchanged.","The video shows a robotic arm picking up a white cup from a table and lifting it to a certain height. The gripper's jaws open and close appropriately around the cup without deformation, and the arm's joints move in a physically plausible manner consistent with its mechanical structure. There are no floating parts, no spontaneous object appearances, and the cup is clearly grasped and held in contact with the gripper during the lift. The motion is smooth and adheres to common-sense expectations for robotic manipulation. No anomalies are present."
RoboWM_014,5,"The robotic arm picks up the white cup from the table to a certain height. Throughout the entire sequence, the gripper undergoes no structural deformation, only the opening angle of its jaws changes; the rotational movements of the robotic arm joints strictly adhere to its inherent mechanical structure; and the camera perspective remains completely unchanged.","The video shows a robotic arm moving toward and grasping a white cup on a table. The gripper opens and closes around the cup without deformation, and the arm's joints move in a physically plausible manner consistent with its mechanical structure. There are no floating parts, no spontaneous object appearances, and the grasp is physically grounded with clear contact. The motion sequence is smooth and follows common-sense expectations for robotic manipulation. No anomalies are present, and the behavior is entirely consistent with human-level understanding of robotic tasks."
RoboWM_015,4,"The robotic arm picks up the white cup from the table to a certain height. Throughout the entire sequence, the gripper undergoes no structural deformation, only the opening angle of its jaws changes; the rotational movements of the robotic arm joints strictly adhere to its inherent mechanical structure; and the camera perspective remains completely unchanged.","The video shows a robotic arm moving toward a white cup, closing its gripper around it, lifting it to a certain height, and then placing it back down. The gripper's jaws open and close without structural deformation, and the arm's joints move in a physically plausible, mechanically constrained manner. There are no floating parts, no spontaneous object appearances, and the grasp is physically contact-based. The sequence aligns with common-sense expectations for a robotic manipulation task. However, the motion is very smooth and the transition between frames is idealized, which may slightly reduce realism, but does not constitute a violation. Therefore, a score of 4 is appropriate, as it is consistent with human-level expectations but not perfectly detailed or realistic in motion."
RoboWM_016,5,"The robotic arm picks up the white cup from the table to a certain height. Throughout the entire sequence, the gripper undergoes no structural deformation, only the opening angle of its jaws changes; the rotational movements of the robotic arm joints strictly adhere to its inherent mechanical structure; and the camera perspective remains completely unchanged.","The video shows a robotic arm picking up a white cup from a table, with the gripper's jaws opening and closing around the cup, and the arm moving in a physically plausible manner. There are no floating parts, no spontaneous object appearances, and the grasp is physically grounded — the cup is clearly held by the gripper with visible contact. The motion adheres to the robot's mechanical structure and the camera perspective is static. This sequence aligns with common-sense expectations for robotic manipulation."
RoboWM_017,5,"The robotic arm picks up the white cube from the table to a certain height. Throughout the entire sequence, the gripper undergoes no structural deformation, only the opening angle of its jaws changes; the rotational movements of the robotic arm joints strictly adhere to its inherent mechanical structure; and the camera perspective remains completely unchanged.","The video shows a robotic arm interacting with a white cup on a table. The arm's movements are smooth and physically plausible, with no floating, penetration, or spontaneous appearance of objects. The gripper opens and closes appropriately to grasp and release the cup, maintaining physical contact throughout. The motion follows the arm's mechanical structure, and the camera perspective is static. All actions are consistent with real-world robotic manipulation and human-level expectations for such a task."
RoboWM_018,5,"The robotic arm picks up the white cup from the table to a certain height. Throughout the entire sequence, the gripper undergoes no structural deformation, only the opening angle of its jaws changes; the rotational movements of the robotic arm joints strictly adhere to its inherent mechanical structure; and the camera perspective remains completely unchanged.","The video shows a robotic arm picking up a white cup from a table and lifting it to a certain height. The gripper's jaws open and close around the cup, and the arm moves in a physically plausible manner without deformation or penetration. There are no floating parts, spontaneous appearances, or false grasps. The motion is consistent with the mechanical structure of the robot and aligns with common-sense expectations for robotic manipulation. The sequence is coherent and free of major anomalies."
RoboWM_019,5,"The robotic arm picks up the banana from the table to a certain height. Throughout the entire sequence, the gripper undergoes no structural deformation, only the opening angle of its jaws changes; the rotational movements of the robotic arm joints strictly adhere to its inherent mechanical structure; and the camera perspective remains completely unchanged.","The video shows a robotic arm picking up a banana in a physically plausible manner. There are no floating parts, no spontaneous object appearances, and the grasp is clearly established through physical contact. The motion adheres to the mechanical structure of the arm, and the camera perspective is fixed as described. The sequence follows common-sense expectations for robotic manipulation: approach, grasp, lift, and release. No anomalies are present."
RoboWM_020,5,"The robotic arm picks up the banana from the table to a certain height. Throughout the entire sequence, the gripper undergoes no structural deformation, only the opening angle of its jaws changes; the rotational movements of the robotic arm joints strictly adhere to its inherent mechanical structure; and the camera perspective remains completely unchanged.","The video shows a robotic arm picking up a banana in a physically plausible manner. The gripper opens and closes around the banana without deformation, the arm joints move according to mechanical constraints, and the camera perspective is static. There are no floating parts, no spontaneous object appearances, and the grasp is physically grounded with clear contact. The sequence aligns with common-sense expectations for robotic manipulation."
RoboWM_021,5,"The robotic arm picks up the brown paper cup from the tabletop to a certain height. Throughout the entire sequence, the gripper undergoes no structural deformation, only the opening angle of its jaws changes; the rotational movements of the robotic arm joints strictly adhere to its inherent mechanical structure; and the camera perspective remains completely unchanged.","The video shows a robotic arm picking up a brown paper cup from a table. The gripper's jaws open and close around the cup, and the arm lifts the cup to a certain height before releasing it. The motion is physically plausible: the gripper makes contact with the cup, closes around it, lifts it without deformation, and then releases it. There are no floating parts, no spontaneous object appearances, and no false grasps. The robotic arm's joint movements follow its mechanical structure, and the camera perspective remains unchanged. This sequence aligns with common-sense expectations for a robotic grasping task."
RoboWM_022,5,"The robotic arm picks up the brown paper cup from the table to a certain height. Throughout the entire sequence, the gripper undergoes no structural deformation, only the opening angle of its jaws changes; the rotational movements of the robotic arm joints strictly adhere to its inherent mechanical structure; and the camera perspective remains completely unchanged.","The video shows a robotic arm picking up a brown paper cup in a physically plausible manner. The gripper closes around the cup with clear contact, and the cup moves with the gripper without floating or penetrating other objects. The arm's motion follows its mechanical structure, and the camera perspective is consistent. There are no spontaneous appearances or non-contact attachments. The sequence aligns with common-sense expectations for robotic manipulation."
RoboWM_023,5,"The robotic arm pulls the yellow cube on the table inward a short distance. Throughout the entire sequence, the gripper undergoes no structural deformation, only the opening angle of its jaws changes; the rotational movements of the robotic arm joints strictly adhere to its inherent mechanical structure; and the camera perspective remains completely unchanged.","The video shows a robotic arm interacting with a yellow cube on a table. The arm's joints move in a physically plausible manner consistent with its mechanical structure. The gripper opens and closes around the cube, and the cube is pulled inward without floating or penetrating other objects. There are no spontaneous appearances, and the grasp is physically grounded. The motion is consistent with human expectations for robotic manipulation. However, the sequence is very short and lacks the full context of a complete task, but the visible actions are mechanically and physically sound."
RoboWM_024,5,"The robotic arm pulls the yellow cube on the table inward a short distance. Throughout the entire sequence, the gripper undergoes no structural deformation, only the opening angle of its jaws changes; the rotational movements of the robotic arm joints strictly adhere to its inherent mechanical structure; and the camera perspective remains completely unchanged.","The video shows a robotic arm interacting with a yellow cube on a table. The arm's motion is smooth and physically plausible, with the gripper closing around the cube and pulling it inward. There are no floating parts, no spontaneous object appearances, and the grasp is physically grounded with clear contact. The sequence adheres to common-sense expectations for robotic manipulation, even though it is AI-generated. The motion is consistent with the described task and mechanical constraints."
RoboWM_025,5,"The robotic arm pulls the yellow cube on the table inward a short distance. Throughout the entire sequence, the gripper undergoes no structural deformation, only the opening angle of its jaws changes; the rotational movements of the robotic arm joints strictly adhere to its inherent mechanical structure; and the camera perspective remains completely unchanged.","The video shows a robotic arm interacting with a yellow cube on a table. The gripper opens and closes around the cube without structural deformation, and the arm moves in a physically plausible manner consistent with its mechanical structure. There are no floating parts, no spontaneous object appearances, and the grasp is physically grounded with clear contact. The motion of pulling the cube inward is a simple, common robotic manipulation task that aligns with human-level expectations. All frames are consistent with the described action and no anomalies are present."
RoboWM_026,5,"The robotic arm pulls the white tape on the table inward a short distance. Throughout the entire sequence, the gripper undergoes no structural deformation, only the opening angle of its jaws changes; the rotational movements of the robotic arm joints strictly adhere to its inherent mechanical structure; and the camera perspective remains completely unchanged.","The video shows a robotic arm interacting with a tape roll in a physically plausible manner. There are no floating parts, no spontaneous object appearances, and the gripper maintains contact with the tape while pulling it inward. The motion is consistent with the described task and the robot's mechanical structure. The sequence aligns with human-level expectations for robotic manipulation of an object on a table."
RoboWM_027,5,"The robotic arm pulls the white tape roll on the table inward a short distance. Throughout the entire sequence, the gripper undergoes no structural deformation, only the opening angle of its jaws changes; the rotational movements of the robotic arm joints strictly adhere to its inherent mechanical structure; and the camera perspective remains completely unchanged.","The video shows a robotic arm pulling a tape roll inward, with the gripper's jaw angle changing appropriately and no structural deformation. The arm's joints move within plausible mechanical constraints, and there are no floating parts, spontaneous appearances, or false grasps. The interaction is physically grounded and consistent with how a real robotic system would operate. The motion is smooth and follows common-sense expectations for a robotic manipulation task."
RoboWM_028,5,"The robotic arm pulls the white tape roll a short distance toward the robotic arm's interior. Throughout the entire sequence, the gripper undergoes no structural deformation, only the opening angle of its jaws changes; the rotational movements of the robotic arm joints strictly adhere to its inherent mechanical structure; and the camera perspective remains completely unchanged.","The video shows a robotic arm moving a tape roll across a table, with the gripper's jaws opening and closing to grasp and release the object. The motion is physically plausible: the gripper makes clear contact with the tape roll, and the roll moves only when the gripper engages. There are no floating parts, no spontaneous appearances, and the robotic arm's movements are consistent with its mechanical structure. The sequence aligns with common-sense expectations for robotic manipulation tasks."
RoboWM_029,1,"The robotic arm pulls the brown cube on the table inward a short distance. Throughout the entire sequence, the gripper undergoes no structural deformation, only the opening angle of its jaws changes; the rotational movements of the robotic arm joints strictly adhere to its inherent mechanical structure; and the camera perspective remains completely unchanged.","The video shows a robotic arm attempting to grasp and pull a cube, but in the frames, the gripper is never in contact with the cube, and the cube does not move. This is a clear violation of physical grounding and common-sense interaction, as the robot's action does not result in any physical effect on the object. The gripper's motion is also not synchronized with the cube's position, suggesting the action is not physically plausible. This constitutes a major anomaly."
RoboWM_030,5,"The robotic arm pulls the brown cube on the table inward a short distance. Throughout the entire sequence, the gripper undergoes no structural deformation, only the opening angle of its jaws changes; the rotational movements of the robotic arm joints strictly adhere to its inherent mechanical structure; and the camera perspective remains completely unchanged.","The video shows a robotic arm interacting with a brown cube on a table. The arm's motion is consistent with a grasping and pulling action, and the cube moves in response. There are no floating parts, no spontaneous appearances, and the grasp is physically plausible with clear contact. The motion adheres to the mechanical structure of the arm, and the camera perspective is fixed. All elements behave as expected under physical laws and human-level common sense for robotic manipulation tasks."
RoboWM_031,5,"The robotic arm pulls the brown cube on the table inward a short distance. Throughout the entire sequence, the gripper undergoes no structural deformation, only the opening angle of its jaws changes; the rotational movements of the robotic arm joints strictly adhere to its inherent mechanical structure; and the camera perspective remains completely unchanged.","The video shows a robotic arm interacting with a brown cube on a table. The arm's motion is consistent with a real robotic system: the gripper opens and closes around the cube without structural deformation, and the arm's joints move in a physically plausible way that adheres to its mechanical structure. The cube is pulled inward by the gripper with clear physical contact, and no objects appear or disappear spontaneously. The camera perspective remains fixed, and there are no floating or intersecting parts. All actions are grounded in physical reality and align with common-sense expectations for robotic manipulation."
RoboWM_032,5,"The robotic arm pulls the brown cube on the table inward a short distance. Throughout the entire sequence, the gripper undergoes no structural deformation, only the opening angle of its jaws changes; the rotational movements of the robotic arm joints strictly adhere to its inherent mechanical structure; and the camera perspective remains completely unchanged.","The video shows a robotic arm interacting with a brown cube on a table. The arm's joints move in a physically plausible manner, and the gripper opens and closes without deformation, consistent with mechanical constraints. The cube is pulled inward by the gripper, which maintains physical contact throughout the sequence. There are no floating parts, no spontaneous object appearances, and no false grasps. The motion is smooth and adheres to the described task. This behavior is consistent with common-sense expectations for robotic manipulation."
RoboWM_033,5,"The robotic arm pushes the yellow cube on the table a short distance away from the robotic arm. Throughout the entire sequence, the gripper undergoes no structural deformation, only the opening angle of its jaws changes; the rotational movements of the robotic arm joints strictly adhere to its inherent mechanical structure; and the camera perspective remains completely unchanged.","The video shows a robotic arm interacting with a yellow cube on a table. The arm's motion is smooth and physically plausible, with no floating, penetration, or spontaneous appearance of objects. The gripper opens and closes without deformation, and the cube is pushed with clear contact. The robotic arm's joint movements are consistent with its mechanical structure, and the camera perspective is fixed. All actions align with common-sense expectations for a robotic manipulation task."
RoboWM_034,5,"The robotic arm pushes the yellow cube on the table outward a short distance. Throughout the entire sequence, the gripper undergoes no structural deformation, only the opening angle of its jaws changes; the rotational movements of the robotic arm joints strictly adhere to its inherent mechanical structure; and the camera perspective remains completely unchanged.","The video shows a robotic arm interacting with a yellow cube on a table. The arm's motion is consistent with its mechanical structure, and the gripper's jaws open and close without deformation. The cube is pushed outward with clear physical contact and no floating, penetration, or spontaneous appearance. The sequence adheres to human-level expectations for robotic manipulation: the arm approaches, makes contact, applies force to move the object, and retracts. No anomalies are present, and the interaction is physically plausible."
RoboWM_035,5,"The robotic arm pushes the yellow cube on the table outward a short distance. Throughout the entire sequence, the gripper undergoes no structural deformation, only the opening angle of its jaws changes; the rotational movements of the robotic arm joints strictly adhere to its inherent mechanical structure; and the camera perspective remains completely unchanged.","The video shows a robotic arm interacting with a yellow cube on a table. The gripper opens and closes around the cube without structural deformation, and the arm's movements follow its mechanical constraints. There are no floating parts, no spontaneous object appearances, and the cube remains physically attached to the gripper during grasping. The motion is consistent with a robotic pushing action, and the camera perspective is fixed as described. All elements behave in a physically plausible and common-sense manner for a robotic task, making it fully consistent with human-level expectations."
RoboWM_036,5,"The robotic arm pushes the white tape roll on the table a short distance away from the robotic arm. Throughout the entire sequence, the gripper undergoes no structural deformation, only the opening angle of its jaws changes; the rotational movements of the robotic arm joints strictly adhere to its inherent mechanical structure; and the camera perspective remains completely unchanged.","The video shows a robotic arm interacting with a tape roll in a physically plausible manner. There are no floating parts, no spontaneous object appearances, and no false grasps. The gripper's jaw angle changes appropriately for interaction, and the arm's motion follows its mechanical structure. The camera perspective remains fixed. All actions align with common-sense expectations for robotic manipulation. The sequence is consistent and well-grounded."
RoboWM_037,5,"The robotic arm pushes the white tape roll on the table a short distance away from the robotic arm. Throughout the entire sequence, the gripper undergoes no structural deformation, only the opening angle of its jaws changes; the rotational movements of the robotic arm joints strictly adhere to its inherent mechanical structure; and the camera perspective remains completely unchanged.","The video shows a robotic arm interacting with a tape roll in a physically plausible manner. The arm moves its gripper to approach, grasp, and push the tape roll across the table, then releases it. The gripper's opening angle changes appropriately for grasping and releasing, and the arm's joints move within their mechanical constraints. There are no floating parts, no spontaneous object appearances, and no non-contact attachment. The motion is consistent with how a human would expect a robotic arm to interact with an object. The description of the video aligns with the visual content, and no major physical or logical violations are present."
RoboWM_038,5,"The robotic arm pushes the white roll of tape on the table outward away from the robotic arm a short distance. Throughout the entire sequence, the gripper undergoes no structural deformation, only the opening angle of its jaws changes; the rotational movements of the robotic arm joints strictly adhere to its inherent mechanical structure; and the camera perspective remains completely unchanged.","The video shows a robotic arm interacting with a roll of tape in a physically plausible manner. There are no floating parts, no spontaneous object appearances, and no false grasps. The gripper's jaw angle changes appropriately, and the arm's motion follows its mechanical structure. The tape roll moves outward as described, consistent with a push action. All frames show coherent, grounded physics and no anomalies. This aligns with human-level expectations for robotic manipulation."
RoboWM_039,5,"The robotic arm pushes the brown cube on the table away from the robotic arm for a short distance. Throughout the entire sequence, the gripper undergoes no structural deformation, only the opening angle of its jaws changes; the rotational movements of the robotic arm joints strictly adhere to its inherent mechanical structure; and the camera perspective remains completely unchanged.","The video shows a robotic arm pushing a brown cube across a table. The arm's joints move in a physically plausible manner consistent with its mechanical structure, and the gripper opens and closes without deformation. The cube moves only when the gripper makes contact and applies force, and there are no floating objects, penetrations, or spontaneous appearances. The motion is smooth and follows the expected physics of a robotic push action. All frames are consistent with human-level expectations for such a task."
RoboWM_040,5,"The robotic arm pushes the brown cube on the table outward a short distance. Throughout the entire sequence, the gripper undergoes no structural deformation, only the opening angle of its jaws changes; the rotational movements of the robotic arm joints strictly adhere to its inherent mechanical structure; and the camera perspective remains completely unchanged.","The video shows a robotic arm interacting with a cube on a table. The arm's movements are physically plausible: the gripper opens, closes around the cube, and pushes it outward. There are no floating parts, no spontaneous appearances, and the grasp is physically contact-based. The sequence aligns with common-sense expectations for robotic manipulation, even if the motion is simple. No major anomalies are present."
RoboWM_041,5,"The robotic arm pushes the brown cube on the table a short distance away from the robotic arm. Throughout the entire sequence, the gripper undergoes no structural deformation, only the opening angle of its jaws changes; the rotational movements of the robotic arm joints strictly adhere to its inherent mechanical structure; and the camera perspective remains completely unchanged.","The video shows a robotic arm interacting with a brown cube on a table. The gripper opens and closes without structural deformation, and the arm's joints move in a physically plausible manner consistent with its mechanical structure. The cube is pushed a short distance, and its motion is continuous and grounded. There are no floating parts, spontaneous appearances, or false grasps. The sequence adheres to common-sense expectations for robotic manipulation, making it fully consistent with human-level understanding of such interactions."
RoboWM_042,5,"The robotic arm pushes the brown cube on the table away from the arm a short distance. Throughout the entire sequence, the gripper undergoes no structural deformation, only the opening angle of its jaws changes; the rotational movements of the robotic arm joints strictly adhere to its inherent mechanical structure; and the camera perspective remains completely unchanged.","The video shows a robotic arm interacting with a brown cube on a table. The arm's motion is consistent with its mechanical structure, and the gripper's opening angle changes appropriately without deformation. The cube is pushed away from the arm with no floating, penetration, or spontaneous appearance. The interaction is physically plausible: the gripper makes contact, applies force, and the cube moves in response. All elements adhere to common-sense physics and robotic behavior. No anomalies are present, and the sequence is fully consistent with human-level expectations for such an interaction."
RoboWM_043,4,"The robotic arm closes its gripper and then presses the button on the table surface. Throughout the entire sequence, the gripper undergoes no structural deformation, only the opening angle of its jaws changes; the rotational movements of the robotic arm joints strictly adhere to its inherent mechanical structure; and the camera perspective remains completely unchanged.","The video shows a robotic arm moving toward a button on a table, closing its gripper, and pressing the button. The gripper's jaws change angle without structural deformation, and the arm's joints move in a physically plausible manner consistent with its mechanical structure. There are no floating parts, spontaneous object appearances, or false grasps. The sequence is mechanically coherent and aligns with common-sense expectations for robotic interaction. However, since the task is simple and the motion is very smooth and controlled, it is not a 'clearly correct' example of complex human-level interaction, so a 5 is not warranted. A score of 4 is appropriate as it is highly consistent with human expectations for a robotic task."
RoboWM_044,5,"The robotic arm closes its gripper and then presses the button on the table surface. Throughout the entire sequence, the gripper undergoes no structural deformation, only the opening angle of its jaws changes; the rotational movements of the robotic arm joints strictly adhere to its inherent mechanical structure; and the camera perspective remains completely unchanged.","The video shows a robotic arm moving toward and pressing a button on a table. The arm's joints move in a physically plausible manner consistent with its mechanical structure, and the gripper closes without deformation. There are no floating parts, no spontaneous object appearances, and no false grasps. The action of pressing a button is a common, expected interaction for a robotic arm. The sequence is coherent and adheres to human-level expectations for robotic task execution."
RoboWM_045,4,"The robotic arm closes its gripper and then presses the button on the table surface. Throughout the entire sequence, the gripper undergoes no structural deformation, only the opening angle of its jaws changes; the rotational movements of the robotic arm joints strictly adhere to its inherent mechanical structure; and the camera perspective remains completely unchanged.","The video shows a robotic arm moving toward and pressing a button on a table. The gripper's jaws close and open without structural deformation, and the arm's joints move in a physically plausible manner consistent with its mechanical structure. There are no floating parts, spontaneous object appearances, or false grasps. The action of pressing a button with a robotic arm is a common, human-level task, and the sequence is visually coherent. The only minor issue is that the gripper does not visibly interact with the button (e.g., no visible indentation or force feedback), but this is not a physical violation and is common in AI-generated videos. Overall, it is consistent with human-level expectations."
RoboWM_046,5,"The robotic arm closes its gripper and then presses the button on the table surface. Throughout the entire sequence, the gripper undergoes no structural deformation, only the opening angle of its jaws changes; the rotational movements of the robotic arm joints strictly adhere to its inherent mechanical structure; and the camera perspective remains completely unchanged.","The video shows a robotic arm moving toward a button, closing its gripper, and pressing the button. The arm's joints move in a physically plausible manner consistent with its mechanical structure, and the gripper's jaws open and close without deformation. There are no floating parts, no spontaneous object appearances, and no false grasps. The action of pressing a button is a common, human-level task, and the sequence is logically coherent. The only minor issue is that the gripper appears to be pressing the button without any visible object being grasped, which is technically a non-contact interaction. However, since the task is to press the button (not to grasp it), this is not a violation of common sense. The overall sequence is realistic and consistent with human expectations for robotic interaction."
RoboWM_047,5,"The robotic arm closes its gripper and then presses the button on the table surface. Throughout the entire sequence, the gripper undergoes no structural deformation, only the opening angle of its jaws changes; the rotational movements of the robotic arm joints strictly adhere to its inherent mechanical structure; and the camera perspective remains completely unchanged.","The robotic arm moves in a physically plausible manner, closing its gripper and pressing a button on the table without any floating, penetration, or spontaneous object appearance. The gripper's jaws change angle without deformation, and the arm's joints rotate according to mechanical constraints. The camera perspective remains fixed, and the interaction with the button is consistent with human-level expectations for a robotic task. No anomalies are detected."
RoboWM_048,5,"The robotic arm picks up the yellow banana from the table moves it above the open drawer releases the gripper letting the banana fall into the drawer then closes the gripper pushing the drawer back to the closed position. Throughout the entire sequence, the gripper undergoes no structural deformation, only the opening angle of its jaws changes; the rotational movements of the robotic arm joints strictly adhere to its inherent mechanical structure; and the camera perspective remains completely unchanged.","The video shows a robotic arm performing a coherent, physically plausible sequence: picking up a banana, moving it over an open drawer, releasing it to fall in, and then closing the drawer. There are no floating parts, no spontaneous appearances, and the grasp is physically grounded with clear contact. The motion adheres to the robot's mechanical structure and common-sense physics. All actions are consistent with human-level expectations for robotic manipulation tasks."
RoboWM_049,4,"The yellow banana on the table is picked up by the robotic arm, moved above the open drawer, the gripper is released allowing the banana to fall into the drawer, then the gripper closes pushing the drawer back to the closed position. Throughout the entire sequence, the gripper undergoes no structural deformation, only the opening angle of its jaws changes; the rotational movements of the robotic arm joints strictly adhere to its inherent mechanical structure; and the camera perspective remains completely unchanged.","The video depicts a robotic arm picking up a banana, moving it over an open drawer, releasing it to fall in, and then closing the drawer. The gripper's motion is consistent with its mechanical structure, and there are no floating parts, spontaneous appearances, or non-contact attachments. The sequence follows logical physical interactions and aligns with common-sense expectations for robotic manipulation tasks. However, the final frame shows the drawer closed but the banana is still visible on the table, which is inconsistent with the described action of the banana falling into the drawer. This is a minor inconsistency that prevents a perfect score."
RoboWM_050,4,"The robotic arm picks up the yellow banana from the table moves it above the open drawer and releases the gripper letting the banana fall into the drawer then closes the gripper to push the drawer back to the closed position. Throughout the entire sequence, the gripper undergoes no structural deformation, only the opening angle of its jaws changes; the rotational movements of the robotic arm joints strictly adhere to its inherent mechanical structure; and the camera perspective remains completely unchanged.","The video shows a robotic arm performing a coherent sequence: picking up a banana, moving it over an open drawer, releasing it to fall in, and then closing the drawer. There are no physical grounding violations (no floating or intersecting parts), no spontaneous object appearances, and the grasp/release interaction is physically plausible. The motion adheres to the robot's mechanical structure, and the camera perspective is fixed. This sequence aligns with common-sense expectations for a robotic task, though the final frame shows the drawer being pushed closed by the gripper, which is mechanically implausible for a typical drawer (which is usually pushed by a flat surface or a handle, not a gripper). However, since the task is AI-generated and the description allows for such simplifications, and no other anomalies are present, the overall behavior is consistent with human-level expectations for a robotic task. A score of 4 is appropriate as it is mostly correct but contains a minor mechanical inconsistency."
RoboWM_051,4,"The yellow banana is picked up by the robotic arm, moved above the open drawer, the gripper is released to let the banana fall into the drawer, then the gripper closes to push the drawer back to the closed position. Throughout the entire sequence, the gripper undergoes no structural deformation, only the opening angle of its jaws changes; the rotational movements of the robotic arm joints strictly adhere to its inherent mechanical structure; and the camera perspective remains completely unchanged.","The video shows a robotic arm picking up a banana, moving it over an open drawer, releasing it to fall in, and then closing the drawer. The gripper's motion is consistent with its mechanical structure, and there are no floating parts, spontaneous appearances, or false grasps. The sequence follows a logical, human-level task flow with no physical violations. However, the final frame shows the drawer closed while the banana is still visible outside, which is physically inconsistent with the task description (the banana should be inside the drawer). This minor inconsistency justifies a score of 4, not 5."
RoboWM_052,5,"The robotic arm picks up the yellow banana from the table moves it above the open drawer releases the gripper letting the banana fall into the drawer then closes the gripper pushing the drawer back to the closed position. Throughout the entire sequence, the gripper undergoes no structural deformation, only the opening angle of its jaws changes; the rotational movements of the robotic arm joints strictly adhere to its inherent mechanical structure; and the camera perspective remains completely unchanged.","The video shows a robotic arm performing a sequence of actions that are physically plausible and consistent with common-sense expectations: it picks up a banana, moves it over an open drawer, releases it to fall in, and then closes the drawer. There are no floating parts, no spontaneous object appearances, and the grasp/release interactions are physically grounded. The robotic arm's movements are mechanically plausible, and the camera perspective is static as described. All actions align with real-world physics and human-level expectations for robotic manipulation tasks."
RoboWM_053,5,"The robotic arm picks up the yellow cube from the table moves it above the open drawer releases the gripper letting the yellow cube fall into the drawer then closes the gripper pushing the drawer back to the closed position. Throughout the entire sequence, the gripper undergoes no structural deformation, only the opening angle of its jaws changes; the rotational movements of the robotic arm joints strictly adhere to its inherent mechanical structure; and the camera perspective remains completely unchanged.","The video shows a robotic arm performing a coherent sequence: picking up a yellow cube, moving it above an open drawer, releasing it to fall in, and then closing the drawer. There are no physical grounding violations (no floating or intersecting parts), no spontaneous object appearances, and the grasp/release is physically plausible with clear contact. The motion adheres to mechanical constraints and the camera perspective is fixed. This sequence aligns with common-sense expectations for robotic manipulation tasks."
RoboWM_054,5,"The robotic arm picks up the yellow cube from the table moves it above the open drawer releases the gripper letting the yellow cube fall into the drawer then closes the gripper pushing the drawer back to the closed position. Throughout the entire sequence, the gripper undergoes no structural deformation, only the opening angle of its jaws changes; the rotational movements of the robotic arm joints strictly adhere to its inherent mechanical structure; and the camera perspective remains completely unchanged.","The video shows a robotic arm performing a sequence of actions that are physically plausible and consistent with human-level expectations: it picks up a yellow cube, moves it over an open drawer, releases it to fall in, and then closes the drawer. There are no floating parts, no spontaneous object appearances, and the grasp/release interactions are physically grounded. The robotic arm's movements follow its mechanical structure, and the camera perspective is fixed. All actions are logically sequenced and realistic for a robotic manipulation task."
RoboWM_055,5,"The robotic arm picks up the yellow cube from the table moves it above the open drawer releases the gripper letting the yellow cube fall into the drawer then closes the gripper pushing the drawer back to the closed position. Throughout the entire sequence, the gripper undergoes no structural deformation, only the opening angle of its jaws changes; the rotational movements of the robotic arm joints strictly adhere to its inherent mechanical structure; and the camera perspective remains completely unchanged.","The sequence shows a robotic arm performing a coherent, physically plausible task: picking up a yellow cube, moving it over an open drawer, releasing it to fall in, and then closing the drawer. There are no floating parts, no spontaneous object appearances, and the grasp is physically contact-based. The robotic arm's movements are consistent with its mechanical structure, and the camera perspective is fixed. This aligns with common-sense expectations for robotic manipulation."
RoboWM_056,5,"The robotic arm picks up the yellow cube from the table moves it above the open drawer releases the gripper letting the yellow cube fall into the drawer then closes the gripper pushing the drawer back to the closed position. Throughout the entire sequence, the gripper undergoes no structural deformation, only the opening angle of its jaws changes; the rotational movements of the robotic arm joints strictly adhere to its inherent mechanical structure; and the camera perspective remains completely unchanged.","The video depicts a robotic arm performing a sequence of actions that are physically plausible and consistent with human-level expectations: it picks up a yellow cube, moves it over an open drawer, releases it to fall in, and then closes the drawer. There are no floating parts, no spontaneous object appearances, and the grasp is physically contact-based. The gripper’s motion is smooth and mechanical, and the arm’s joints move within their structural limits. The camera perspective remains fixed. All elements behave as expected in a real-world robotic manipulation task."
RoboWM_057,4,"The robotic arm picks up the yellow cube from the table moves it above the open drawer releases the gripper letting the yellow cube fall into the drawer then closes the gripper pushing the drawer back to the closed position. Throughout the entire sequence, the gripper undergoes no structural deformation, only the opening angle of its jaws changes; the rotational movements of the robotic arm joints strictly adhere to its inherent mechanical structure; and the camera perspective remains completely unchanged.","The video shows a robotic arm performing a sequence of actions that are physically plausible and consistent with real-world robotic manipulation: picking up a cube, moving it over a drawer, releasing it to fall in, and then closing the drawer. There are no signs of floating parts, spontaneous object appearances, or non-contact attachment. The gripper's motion is smooth and follows the described behavior. The entire sequence adheres to common-sense expectations for robotic task execution. However, the description mentions the gripper 'pushing the drawer back to the closed position,' which is not visually evident in the frames; the drawer appears to be manually closed or the arm is not interacting with it directly. This minor discrepancy prevents a perfect score, but the overall sequence is highly consistent with human-level expectations."
RoboWM_058,4,"The robotic arm picks up the white cup from the table and moves the gripper above the plate then releases the gripper to place the cup on the plate. Throughout the entire sequence, the gripper undergoes no structural deformation, only the opening angle of its jaws changes; the rotational movements of the robotic arm joints strictly adhere to its inherent mechanical structure; and the camera perspective remains completely unchanged.","The video shows a robotic arm performing a simple, physically plausible task: picking up a cup, moving it over a plate, and placing it down. There are no physical grounding violations (no floating or intersecting parts), no spontaneous object appearances, and the grasp is physically plausible with clear contact. The motion adheres to the robot's mechanical structure and the camera perspective is fixed, as described. The sequence is consistent with human-level expectations for robotic manipulation, even if it is a simple task. However, the task is so basic that it doesn't demonstrate complex common-sense reasoning, which is why a 4 is more appropriate than a 5."
RoboWM_059,5,"The robotic arm picks up the white cup from the table and moves the gripper above the plate then releases the gripper to place the cup on the plate. Throughout the entire sequence, the gripper undergoes no structural deformation, only the opening angle of its jaws changes; the rotational movements of the robotic arm joints strictly adhere to its inherent mechanical structure; and the camera perspective remains completely unchanged.","The video shows a robotic arm performing a standard pick-and-place task: it grasps a cup, lifts it, moves it over a plate, and releases it. The gripper's motion is consistent with its mechanical structure, showing only angular opening/closing without deformation. The cup is physically contacted and held during the grasp, and there are no floating parts, spontaneous appearances, or false attachments. The sequence follows a logical, human-level expectation for robotic manipulation. However, the final frame shows the cup resting on the plate, which is a minor inconsistency as the cup appears to be placed slightly off-center and the plate is not fully visible in the final frame, but this does not constitute a major violation. Overall, the motion is physically plausible and consistent with common-sense robotic behavior."
RoboWM_060,5,"The robotic arm picks up the white cup from the table and moves the gripper above the plate then releases the cup placing it on the plate. Throughout the entire sequence, the gripper undergoes no structural deformation, only the opening angle of its jaws changes; the rotational movements of the robotic arm joints strictly adhere to its inherent mechanical structure; and the camera perspective remains completely unchanged.","The video shows a robotic arm performing a standard pick-and-place task: grasping a cup, moving it over a plate, and releasing it. The gripper's jaws open and close appropriately without deformation, and the arm's joints move in a mechanically plausible manner. There are no floating parts, no spontaneous object appearances, and the grasp is physically grounded—contact is maintained during the pick-up and release. The sequence is consistent with human-level expectations for robotic manipulation. No major anomalies are present, and the motion is smooth and logical."
RoboWM_061,5,"The robotic arm picks up the white cup from the table and moves the gripper above the plate then releases the gripper to place the cup on the plate. Throughout the entire sequence, the gripper undergoes no structural deformation, only the opening angle of its jaws changes; the rotational movements of the robotic arm joints strictly adhere to its inherent mechanical structure; and the camera perspective remains completely unchanged.","The video shows a robotic arm performing a standard pick-and-place task with a white cup and plate. The gripper opens and closes around the cup without deformation, the arm moves in a physically plausible manner consistent with its mechanical structure, and there are no floating parts, spontaneous appearances, or false grasps. The sequence is coherent and aligns with common-sense expectations for robotic manipulation. However, the motion is slightly jerky and the camera angle is fixed, which may slightly reduce the realism, but does not constitute a violation."
RoboWM_062,5,"The robotic arm picks up the brown cup from the table and moves the gripper above the plate then releases the gripper to place the cup on the plate. Throughout the entire sequence, the gripper undergoes no structural deformation, only the opening angle of its jaws changes; the rotational movements of the robotic arm joints strictly adhere to its inherent mechanical structure; and the camera perspective remains completely unchanged.","The video depicts a robotic arm performing a simple, physically plausible task: picking up a cup, moving it over a plate, and placing it down. The gripper's motion is consistent with its mechanical structure, with no deformation or false grasping. There are no floating parts, penetrations, or spontaneous object appearances. The sequence follows common-sense physics and robotic behavior, making it fully consistent with human-level expectations for such an interaction."
RoboWM_063,5,"The robotic arm picks up the brown paper cup from the table and moves the gripper above the plate then releases the gripper to place the cup on the plate. Throughout the entire sequence, the gripper undergoes no structural deformation, only the opening angle of its jaws changes; the rotational movements of the robotic arm joints strictly adhere to its inherent mechanical structure; and the camera perspective remains completely unchanged.","The video shows a robotic arm performing a standard pick-and-place task with a brown paper cup and a plate. The gripper opens and closes around the cup without deformation, the arm moves in a physically plausible manner consistent with its mechanical structure, and the camera perspective remains fixed. There are no floating parts, no spontaneous object appearances, and the grasp is physically grounded — the cup is clearly contacted and moved as a unit with the gripper. The sequence follows common-sense expectations for robotic manipulation: approach, grasp, lift, move, release. All actions are coherent and free of anomalies."
RoboWM_064,5,"The robotic arm picks up the small white cube from the table and moves the gripper above the plate then releases the gripper to place the white cube on the plate. Throughout the entire sequence, the gripper undergoes no structural deformation, only the opening angle of its jaws changes; the rotational movements of the robotic arm joints strictly adhere to its inherent mechanical structure; and the camera perspective remains completely unchanged.","The video depicts a robotic arm performing a simple, physically plausible task: picking up a cup, moving it over a plate, and placing it down. There are no floating parts, no spontaneous object appearances, and the grasp and release are physically grounded. The motion adheres to the robot's mechanical structure, and the camera perspective is fixed. The sequence is consistent with human-level expectations for robotic manipulation, although the task is trivial and the robot's movements are smooth and predictable, which is expected in a controlled AI-generated video. No major anomalies are present."
RoboWM_065,5,"The robotic arm picks up the brown cup from the table and moves the gripper above the plate then releases the gripper to place the cup on the plate. Throughout the entire sequence, the gripper undergoes no structural deformation, only the opening angle of its jaws changes; the rotational movements of the robotic arm joints strictly adhere to its inherent mechanical structure; and the camera perspective remains completely unchanged.","The video shows a robotic arm performing a standard pick-and-place task with a cup and plate. The gripper opens and closes around the cup without deformation, the arm moves in a physically plausible manner consistent with its mechanical structure, and the camera perspective is static. There are no floating parts, spontaneous object appearances, or non-contact attachments. The sequence follows common-sense expectations for robotic manipulation: the cup is grasped, lifted, moved over the plate, and released. The motion is smooth and physically grounded, making it highly consistent with human-level expectations for such a task."
RoboWM_066,5,"The robotic arm picks up the green cup from the table and moves the gripper above the plate then releases the gripper to place the cup on the plate. Throughout the entire sequence, the gripper undergoes no structural deformation, only the opening angle of its jaws changes; the rotational movements of the robotic arm joints strictly adhere to its inherent mechanical structure; and the camera perspective remains completely unchanged.","The video shows a robotic arm performing a standard pick-and-place task with a green cup and a plate. The motion is physically plausible: the gripper closes around the cup, lifts it, moves it over the plate, and releases it. There are no floating parts, no spontaneous object appearances, and the grasp is physically contact-based. The robotic arm's joints move in a way consistent with its mechanical structure, and the camera perspective is fixed. This sequence aligns with common-sense expectations for robotic manipulation tasks."
RoboWM_067,5,"The robotic arm picks up the green cup from the table and moves the gripper above the plate then releases the gripper to place the cup on the plate. Throughout the entire sequence, the gripper undergoes no structural deformation, only the opening angle of its jaws changes; the rotational movements of the robotic arm joints strictly adhere to its inherent mechanical structure; and the camera perspective remains completely unchanged.","The video depicts a robotic arm performing a standard pick-and-place task: grasping a green cup, moving it over a plate, and releasing it. The gripper's jaws open and close appropriately without structural deformation, and the arm's movements follow a plausible mechanical path without floating, penetration, or spontaneous object appearance. The interaction is physically grounded, with clear contact during grasping and release. The sequence aligns with common-sense expectations for robotic manipulation, making it consistent with human-level understanding of such tasks."
